Produto_Mastercard,Qtd_Cartoes,Limite_Medio,Limite_Maximo,Limite_Minimo,Limite_Total
Black,949,26169.546891464699,52000,500,24834900
Platinum,1229,19772.091131000812,38000,500,24299900
