Cliente_ID,Qtd_Transacoes_2024,Total_Valor_2024
2915,2,1170.1199951171875
4039,1,1089.27001953125
6740,2,507.81001281738281
